seq_id,tm
31390,-1.2518599587588795
31391,-1.2518599587588795
31392,-1.2518599587588795
31393,-1.2518599587588795
31394,-1.2518599587588795
31395,-1.138790892360795
31396,-0.027244400485582895
31397,-1.2518599587588795
31398,-2.291679086227609
31399,-1.3749833522862025
31400,-2.1147158839751627
31401,-1.3749833522862025
31402,-3.275630873978233
31403,-3.275630873978233
31404,-0.15036779401290573
31405,-1.3749833522862025
31406,-3.275630873978233
31407,-1.3749833522862025
31408,-1.3749833522862025
31409,-1.046983227673035
31410,-1.3749833522862025
31411,-1.1903769966207827
31412,-1.1190214541683776
31413,-1.2518599587588795
31414,-1.2518599587588795
31415,-1.2518599587588795
31416,-1.1190214541683776
31417,-1.2518599587588795
31418,-0.920964896179907
31419,-1.2518599587588795
31420,-0.027244400485582895
31421,-1.2358709376070989
31422,-3.1525074804509097
31423,-1.2518599587588795
31424,-1.2518599587588795
31425,-1.3266521639016717
31426,-1.2518599587588795
31427,-1.0672536030934598
31428,-1.2518599587588795
31429,-1.0432832448301066
31430,-1.1190214541683776
31431,-1.2518599587588795
31432,-0.8822603155829485
31433,-1.2518599587588795
31434,-1.2518599587588795
31435,-1.2518599587588795
31436,-0.8804058338818093
31437,-1.2518599587588795
31438,-0.027244400485582895
31439,-1.2518599587588795
31440,-0.8791341622272131
31441,-1.2518599587588795
31442,-1.1923304933772838
31443,-1.2518599587588795
31444,-1.2518599587588795
31445,-1.2518599587588795
31446,-1.2518599587588795
31447,-1.2518599587588795
31448,-1.2518599587588795
31449,-1.1190214541683776
31450,-1.2518599587588795
31451,-0.8822603155829485
31452,-1.2518599587588795
31453,-0.027244400485582895
31454,-1.2518599587588795
31455,-1.2518599587588795
31456,1.089221995810658
31457,-1.2518599587588795
31458,-1.2518599587588795
31459,-1.0432832448301066
31460,-1.2518599587588795
31461,-1.2518599587588795
31462,-1.0273066918425107
31463,-1.2518599587588795
31464,-0.027244400485582895
31465,-1.1979173769315112
31466,-1.2518599587588795
31467,-1.2518599587588795
31468,-1.2518599587588795
31469,-1.2518599587588795
31470,-1.7468723489998632
31471,-1.2518599587588795
31472,-0.027244400485582895
31473,-1.2518599587588795
31474,-1.2518599587588795
31475,-1.2518599587588795
31476,-1.1923304933772838
31477,-1.2518599587588795
31478,-1.1446323486450662
31479,-1.1446323486450662
31480,-1.1446323486450662
31481,-1.4783312253190222
31482,-1.1446323486450662
31483,0.07998320962823034
31484,-1.2518599587588795
31485,-1.2518599587588795
31486,-1.2518599587588795
31487,-1.2518599587588795
31488,-1.2361298479723066
31489,-1.1190214541683776
31490,-1.0608117059391962
31491,0.009194435811216024
31492,-1.1190214541683776
31493,-1.2518599587588795
31494,-1.2518599587588795
31495,-1.2518599587588795
31496,-0.027244400485582895
31497,-1.2518599587588795
31498,-2.168555692700286
31499,-1.2518599587588795
31500,-1.9915924904478393
31501,-1.2518599587588795
31502,-1.2518599587588795
31503,-1.2518599587588795
31504,-1.2518599587588795
31505,-1.1190214541683776
31506,-1.2518599587588795
31507,-0.920964896179907
31508,-1.2518599587588795
31509,-0.027244400485582895
31510,-1.2358709376070989
31511,-1.2518599587588795
31512,-1.5561555848696351
31513,1.089221995810658
31514,-1.3266521639016717
31515,-1.2518599587588795
31516,-1.2518599587588795
31517,-1.5855588354328354
31518,-1.1190214541683776
31519,-1.2518599587588795
31520,-1.0273066918425107
31521,-1.2518599587588795
31522,-0.896231829329037
31523,-1.2518599587588795
31524,-1.2518599587588795
31525,-1.2518599587588795
31526,-1.2518599587588795
31527,-1.2518599587588795
31528,-1.2518599587588795
31529,-1.2518599587588795
31530,-1.2518599587588795
31531,-0.920964896179907
31532,-0.26168704702934237
31533,-1.2518599587588795
31534,-1.2518599587588795
31535,-1.2518599587588795
31536,-1.2518599587588795
31537,-1.2518599587588795
31538,-1.0608117059391962
31539,-0.6893575810621257
31540,-1.0608117059391962
31541,-1.0608117059391962
31542,-1.9181501841985942
31543,-1.0608117059391962
31544,-1.0012822405576007
31545,-1.0608117059391962
31546,-1.2518599587588795
31547,-1.2883427493333506
31548,-2.950540945793045
31549,-2.950540945793045
31550,-2.9348108350064726
31551,-2.950540945793045
31552,-1.2518599587588795
31553,-1.1190214541683776
31554,-1.2518599587588795
31555,-1.2518599587588795
31556,-0.027244400485582895
31557,-1.2518599587588795
31558,-1.2883427493333506
31559,-1.1190214541683776
31560,-1.2518599587588795
31561,-1.2518599587588795
31562,-1.2518599587588795
31563,-0.027244400485582895
31564,-1.2518599587588795
31565,-1.2518599587588795
31566,-2.168555692700286
31567,-1.5855588354328354
31568,-1.2518599587588795
31569,-1.2518599587588795
31570,-1.2512105384058385
31571,-1.2518599587588795
31572,-1.1190214541683776
31573,-1.2518599587588795
31574,-0.027244400485582895
31575,-1.2518599587588795
31576,-1.2518599587588795
31577,-1.2518599587588795
31578,-1.2512105384058385
31579,-1.2518599587588795
31580,-1.4413719911147664
31581,0.23232837181029373
31582,-1.2518599587588795
31583,-1.2518599587588795
31584,0.4059947284527809
31585,-0.5432024523607563
31586,-1.2518599587588795
31587,-1.2518599587588795
31588,-0.5241065124544474
31589,-0.5780490942818158
31590,-0.5780490942818158
31591,0.6465664639914817
31592,-0.5780490942818158
31593,-0.5780490942818158
31594,-0.5780490942818158
31595,-0.5780490942818158
31596,-0.5780490942818158
31597,-0.5780490942818158
31598,-0.7690973471014995
31599,-0.6362588425109971
31600,-0.7690973471014995
31601,-0.784639000252049
31602,0.4555182111717981
31603,-1.2361298479723066
31604,-1.1190214541683776
31605,-1.2518599587588795
31606,-1.2518599587588795
31607,-1.2518599587588795
31608,-1.2518599587588795
31609,-1.2518599587588795
31610,-1.2518599587588795
31611,-1.2518599587588795
31612,-1.2518599587588795
31613,-1.2518599587588795
31614,-1.2518599587588795
31615,-1.2518599587588795
31616,-1.1190214541683776
31617,-1.2518599587588795
31618,-1.0273066918425107
31619,-1.2518599587588795
31620,0.4059947284527809
31621,-0.896231829329037
31622,-1.2518599587588795
31623,-1.2518599587588795
31624,-1.2518599587588795
31625,-1.2518599587588795
31626,-1.060162285586155
31627,-1.0608117059391962
31628,-1.0608117059391962
31629,-1.0608117059391962
31630,-0.8762053502737764
31631,0.1638038523341007
31632,-1.0608117059391962
31633,-1.0608117059391962
31634,-1.0608117059391962
31635,-1.3290979070570712
31636,-1.0608117059391962
31637,-1.0608117059391962
31638,-1.0608117059391962
31639,-1.0608117059391962
31640,-1.2518599587588795
31641,-1.2518599587588795
31642,-1.2518599587588795
31643,-1.2674016119094291
31644,-1.2518599587588795
31645,-0.027244400485582895
31646,-1.2518599587588795
31647,-1.2518599587588795
31648,-1.7737070476244619
31649,-1.2518599587588795
31650,-1.2518599587588795
31651,-1.2518599587588795
31652,-0.6923530758093427
31653,-1.2518599587588795
31654,-1.2518599587588795
31655,-1.1190214541683776
31656,-1.2518599587588795
31657,-1.2518599587588795
31658,-1.138790892360795
31659,-1.2518599587588795
31660,-2.291679086227609
31661,-1.3749833522862025
31662,-0.38271850703140686
31663,-3.275630873978233
31664,-1.3749833522862025
31665,-1.2518599587588795
31666,-1.2518599587588795
31667,-2.0174819776068453
31668,-1.2777494459178855
31669,-0.053133887644589
31670,-1.2777494459178855
31671,-1.2777494459178855
31672,-1.5820450720286412
31673,-1.2771000255648446
31674,-1.2777494459178855
31675,-1.2777494459178855
31676,-0.053133887644589
31677,-1.2928803606780181
31678,-1.2777494459178855
31679,-1.6811564817508506
31680,-1.548317977160348
31681,-1.6811564817508506
31682,-1.6811564817508506
31683,-1.6811564817508506
31684,-1.4725797678220773
31685,-1.4943753953329797
31686,-1.6811564817508506
31687,-1.6811564817508506
31688,-1.6811564817508506
31689,-0.4565409234775539
31690,-2.568858432790444
31691,-1.6811564817508506
31692,-1.6811564817508506
31693,-1.6272138999234824
31694,-1.2518599587588795
31695,-1.7602418413862957
31696,-1.5216262210997258
31697,0.44800160859274
31698,-1.8930803459767984
31699,-1.8930803459767984
31700,-1.8930803459767984
31701,-1.7602418413862957
31702,-1.8930803459767984
31703,-1.7084739903113786
31704,-1.7084739903113786
31705,-1.8930803459767984
31706,-1.8930803459767984
31707,-1.8930803459767984
31708,-0.8822603155829485
31709,-1.2518599587588795
31710,-1.2518599587588795
31711,-0.25959511350408354
31712,0.3896200001758127
31713,-1.5306270487615727
31714,-1.2518599587588795
31715,-1.2518599587588795
31716,-0.7193697078052775
31717,-0.5350938430366595
31718,-0.7193697078052775
31719,-1.9915924904478393
31720,-1.2518599587588795
31721,-0.920964896179907
31722,-0.26168704702934237
31723,-1.4413719911147664
31724,-1.2518599587588795
31725,-1.2518599587588795
31726,-1.2518599587588795
31727,-1.2518599587588795
31728,-1.2518599587588795
31729,0.506835926580389
31730,-1.2518599587588795
31731,-2.168555692700286
31732,-1.2518599587588795
31733,-1.2518599587588795
31734,-1.1190214541683776
31735,-0.8804058338818093
31736,-1.2518599587588795
31737,-1.2518599587588795
31738,-0.027244400485582895
31739,-1.1923304933772838
31740,-1.2518599587588795
31741,-1.2518599587588795
31742,-1.4413719911147664
31743,-0.7462956576367108
31744,0.23232837181029373
31745,-0.25959511350408354
31746,-1.2518599587588795
31747,-0.027244400485582895
31748,-0.5432024523607563
31749,-0.5432024523607563
31750,-1.520146159876755
31751,-1.2518599587588795
31752,-1.2518599587588795
31753,-1.1190214541683776
31754,-1.1457762658011288
31755,-0.8339515776307367
31756,-0.027244400485582895
31757,-1.2518599587588795
31758,-1.2518599587588795
31759,-3.1525074804509097
31760,-1.2518599587588795
31761,-3.1525074804509097
31762,-1.2518599587588795
31763,-1.2518599587588795
31764,-1.0672536030934598
31765,-1.2518599587588795
31766,-1.2518599587588795
31767,-1.7468723489998632
31768,-1.2518599587588795
31769,-1.2518599587588795
31770,-1.1446323486450662
31771,0.17852755918870325
31772,-1.1446323486450662
31773,-1.1446323486450662
31774,-1.1446323486450662
31775,-1.4783312253190222
31776,-1.0117938440545642
31777,0.07998320962823034
31778,-1.1446323486450662
31779,-1.2518599587588795
31780,-1.2518599587588795
31781,-1.2518599587588795
31782,-1.2518599587588795
31783,-1.3266521639016717
31784,-1.2361298479723066
31785,-1.2518599587588795
31786,-0.027244400485582895
31787,-1.2518599587588795
31788,-0.6599993799832677
31789,-1.2518599587588795
31790,-1.4413719911147664
31791,-0.7462956576367108
31792,0.23232837181029373
31793,-1.5306270487615727
31794,-1.2518599587588795
31795,-1.2518599587588795
31796,-1.2512105384058385
31797,-1.4413719911147664
31798,-1.1190214541683776
31799,-1.2518599587588795
31800,-1.2518599587588795
31801,-0.027244400485582895
31802,-1.2518599587588795
31803,-2.168555692700286
31804,-1.2518599587588795
31805,-1.9915924904478393
31806,-1.2518599587588795
31807,-1.2518599587588795
31808,-2.8550371662426275
31809,-1.2518599587588795
31810,-0.6599993799832677
31811,-1.2518599587588795
31812,-1.2518599587588795
31813,-1.2518599587588795
31814,1.089221995810658
31815,-1.2518599587588795
31816,-1.1190214541683776
31817,0.3384120647680449
31818,-1.0585048445471055
31819,-1.2518599587588795
31820,-1.0840606871909728
31821,-1.2518599587588795
31822,-1.5627796613410927
31823,-0.8822603155829485
31824,-1.2518599587588795
31825,-1.5855588354328354
31826,-1.2518599587588795
31827,-1.2518599587588795
31828,-0.027244400485582895
31829,-1.2518599587588795
31830,-1.2361298479723066
31831,-1.2518599587588795
31832,-1.3732346332946817
31833,-1.2518599587588795
31834,-1.2518599587588795
31835,-1.2518599587588795
31836,-1.2518599587588795
31837,-1.2518599587588795
31838,-1.2518599587588795
31839,-1.1972679565784703
31840,-1.2518599587588795
31841,-1.2518599587588795
31842,-1.2518599587588795
31843,-1.2518599587588795
31844,-1.2518599587588795
31845,-1.1190214541683776
31846,-1.2518599587588795
31847,0.506835926580389
31848,-1.2518599587588795
31849,-2.168555692700286
31850,-1.2518599587588795
31851,-1.9915924904478393
31852,-1.2518599587588795
31853,-1.2518599587588795
31854,-0.027244400485582895
31855,-1.2518599587588795
31856,-0.9238598341457124
31857,-1.2518599587588795
31858,-0.6599993799832677
31859,-0.9238598341457124
31860,-1.2518599587588795
31861,-1.2518599587588795
31862,-1.2518599587588795
31863,-1.2518599587588795
31864,-0.747567329291307
31865,-1.2518599587588795
31866,-0.8822603155829485
31867,-1.2518599587588795
31868,-0.027244400485582895
31869,-1.2518599587588795
31870,-1.2518599587588795
31871,-1.2518599587588795
31872,-1.2518599587588795
31873,-1.2518599587588795
31874,-1.4413719911147664
31875,-1.2518599587588795
31876,-1.2518599587588795
31877,-1.1190214541683776
31878,-1.2518599587588795
31879,-1.1457762658011288
31880,-1.1190214541683776
31881,-1.2518599587588795
31882,-1.2518599587588795
31883,-1.5561555848696351
31884,-1.2518599587588795
31885,-1.3521397678604816
31886,-1.2193012632699796
31887,-1.3521397678604816
31888,-0.9825401246845508
31889,-2.071377328857052
31890,-1.3521397678604816
31891,-1.2518599587588795
31892,-1.3521397678604816
31893,-1.3521397678604816
31894,-1.3521397678604816
31895,-1.3521397678604816
31896,-1.3521397678604816
31897,-1.2193012632699796
31898,-1.3521397678604816
31899,-0.9825401246845508
31900,-1.3521397678604816
31901,-1.3521397678604816
31902,-1.2518599587588795
31903,-1.1190214541683776
31904,-1.2518599587588795
31905,-1.2518599587588795
31906,-1.2518599587588795
31907,-1.2518599587588795
31908,-1.2518599587588795
31909,-1.2518599587588795
31910,-1.0273066918425107
31911,-1.2518599587588795
31912,-1.1190214541683776
31913,-1.2518599587588795
31914,-0.920964896179907
31915,-1.3749833522862025
31916,-1.3749833522862025
31917,-1.0440882897072297
31918,-1.3749833522862025
31919,-1.3749833522862025
31920,-1.3749833522862025
31921,-1.7180617585468694
31922,-1.8036433455721486
31923,-1.1190214541683776
31924,-1.2518599587588795
31925,-1.2518599587588795
31926,-1.2518599587588795
31927,-1.1190214541683776
31928,-1.2518599587588795
31929,-1.2518599587588795
31930,-1.2518599587588795
31931,-1.2518599587588795
31932,-1.2518599587588795
31933,-1.1190214541683776
31934,-1.2518599587588795
31935,-1.2518599587588795
31936,-2.447322782702979
31937,-1.2518599587588795
31938,-1.2518599587588795
31939,-1.2518599587588795
31940,-1.2512105384058385
31941,-1.060162285586155
31942,-1.250323738295083
31943,-1.0608117059391962
31944,0.42337662462997755
31945,-1.0608117059391962
31946,-1.0608117059391962
31947,-1.0608117059391962
31948,-1.0608117059391962
31949,-1.0608117059391962
31950,-1.0608117059391962
31951,-1.0608117059391962
31952,-1.0608117059391962
31953,-1.2518599587588795
31954,-1.2518599587588795
31955,-1.2518599587588795
31956,-1.2674016119094291
31957,-1.2518599587588795
31958,-1.97109751975545
31959,-1.2518599587588795
31960,-1.7737070476244619
31961,-1.2518599587588795
31962,-1.2518599587588795
31963,-1.5855588354328354
31964,-1.0650788723410092
31965,-1.2518599587588795
31966,-1.2518599587588795
31967,-1.2518599587588795
31968,-2.183686607460418
31969,-1.2518599587588795
31970,-1.2518599587588795
31971,-1.1190214541683776
31972,-1.2518599587588795
31973,-1.2518599587588795
31974,-1.2518599587588795
31975,-0.027244400485582895
31976,-1.2518599587588795
31977,-1.2518599587588795
31978,-1.2518599587588795
31979,-1.2512105384058385
31980,-1.2518599587588795
31981,-1.2518599587588795
31982,-1.2518599587588795
31983,-1.2518599587588795
31984,-1.2518599587588795
31985,-1.1190214541683776
31986,-1.2518599587588795
31987,-0.8822603155829485
31988,-1.2518599587588795
31989,-0.027244400485582895
31990,-1.2518599587588795
31991,-1.2518599587588795
31992,-1.2518599587588795
31993,-1.2518599587588795
31994,-1.2518599587588795
31995,-1.520146159876755
31996,-1.2777494459178855
31997,-1.2777494459178855
31998,-1.1449109413273837
31999,-1.2777494459178855
32000,-1.0531961790015167
32001,-1.2777494459178855
32002,-0.053133887644589
32003,-0.9221213164880431
32004,-1.2777494459178855
32005,-1.5820450720286412
32006,-1.2777494459178855
32007,-1.2777494459178855
32008,-1.0909683595000153
32009,-1.2777494459178855
32010,-1.2777494459178855
32011,-1.2777494459178855
32012,-0.053133887644589
32013,-1.2777494459178855
32014,-1.2777494459178855
32015,-1.2777494459178855
32016,-1.2777494459178855
32017,-1.2777494459178855
32018,-1.2777494459178855
32019,-1.2777494459178855
32020,-1.2777494459178855
32021,-1.2518599587588795
32022,-1.2518599587588795
32023,-1.1190214541683776
32024,-1.2518599587588795
32025,-0.8822603155829485
32026,-1.2518599587588795
32027,-1.2518599587588795
32028,-0.027244400485582895
32029,-1.2518599587588795
32030,-3.1525074804509097
32031,-1.2518599587588795
32032,-1.2518599587588795
32033,-1.2518599587588795
32034,-1.2518599587588795
32035,-1.2518599587588795
32036,-1.2518599587588795
32037,-1.1190214541683776
32038,-1.2518599587588795
32039,-1.0273066918425107
32040,-1.2518599587588795
32041,-1.2518599587588795
32042,-1.1190214541683776
32043,-1.2518599587588795
32044,-0.5780490942818158
32045,-0.5780490942818158
32046,-0.5780490942818158
32047,-0.5780490942818158
32048,-0.2471540317028421
32049,-0.5780490942818158
32050,0.6465664639914817
32051,-1.281297634126603
32052,-0.5780490942818158
32053,-0.5780490942818158
32054,-0.5780490942818158
32055,-0.5780490942818158
32056,-0.5780490942818158
32057,-0.6528412994246072
32058,-0.5780490942818158
32059,-0.5780490942818158
32060,-0.5780490942818158
32061,-0.46498002788373116
32062,-0.7684479267484584
32063,-0.7690973471014995
32064,-0.7690973471014995
32065,-0.784639000252049
32066,-0.7690973471014995
32067,-0.7690973471014995
32068,-1.2361298479723066
32069,-1.2518599587588795
32070,-1.2518599587588795
32071,-1.2518599587588795
32072,-1.2518599587588795
32073,-1.2518599587588795
32074,-0.027244400485582895
32075,-3.1525074804509097
32076,-1.2518599587588795
32077,-1.2518599587588795
32078,-1.2518599587588795
32079,-1.0650788723410092
32080,-1.2518599587588795
32081,-1.2518599587588795
32082,-1.2518599587588795
32083,-1.2518599587588795
32084,-1.2518599587588795
32085,-1.2518599587588795
32086,-1.1190214541683776
32087,-1.2518599587588795
32088,-1.2518599587588795
32089,0.506835926580389
32090,-1.2518599587588795
32091,-0.25959511350408354
32092,-1.2518599587588795
32093,-1.5561555848696351
32094,1.089221995810658
32095,-1.2518599587588795
32096,-1.2518599587588795
32097,-1.2518599587588795
32098,-1.2518599587588795
32099,-1.2518599587588795
32100,-1.0585048445471055
32101,-1.2518599587588795
32102,-1.5855588354328354
32103,-1.2518599587588795
32104,-1.2518599587588795
32105,-1.2518599587588795
32106,-0.027244400485582895
32107,-1.2518599587588795
32108,-1.2361298479723066
32109,-1.102256278759298
32110,-1.2518599587588795
32111,-1.2518599587588795
32112,-1.2518599587588795
32113,0.3896200001758127
32114,-1.2518599587588795
32115,-1.2518599587588795
32116,-0.8349955580974844
32117,-1.060021769926363
32118,-1.2518599587588795
32119,-1.060021769926363
32120,-1.0608117059391962
32121,-1.019029053781862
32122,-1.1518675583723645
32123,-1.1518675583723645
32124,-1.1518675583723645
32125,-0.8209724957933918
32126,0.07274799990093238
32127,-1.1518675583723645
32128,-1.1518675583723645
32129,-1.2512105384058385
32130,-1.1518675583723645
32131,-1.1518675583723645
32132,-0.9432908444435915
32133,-1.019029053781862
32134,-1.1518675583723645
32135,-1.2518599587588795
32136,-1.2518599587588795
32137,-1.2518599587588795
32138,-1.1190214541683776
32139,-0.8804058338818093
32140,-1.2518599587588795
32141,-1.2518599587588795
32142,-0.8791341622272131
32143,-1.2518599587588795
32144,1.089221995810658
32145,-1.4413719911147664
32146,0.23232837181029373
32147,-0.25959511350408354
32148,-0.027244400485582895
32149,-1.5306270487615727
32150,-0.5432024523607563
32151,-1.2518599587588795
32152,-1.520146159876755
32153,-0.5432024523607563
32154,-1.2518599587588795
32155,-1.2518599587588795
32156,-1.1190214541683776
32157,-1.2518599587588795
32158,-0.8822603155829485
32159,-0.1977278810771042
32160,-2.168555692700286
32161,-1.2518599587588795
32162,-1.9915924904478393
32163,-0.027244400485582895
32164,-1.2518599587588795
32165,-1.2518599587588795
32166,-1.4413719911147664
32167,-1.1190214541683776
32168,0.23232837181029373
32169,-1.2518599587588795
32170,-1.2518599587588795
32171,-1.2518599587588795
32172,-0.5432024523607563
32173,-1.2518599587588795
32174,-1.2518599587588795
32175,-1.2518599587588795
32176,-1.1190214541683776
32177,-1.0273066918425107
32178,-1.138790892360795
32179,-0.027244400485582895
32180,-0.8444029402710422
32181,-1.2518599587588795
32182,-0.9888323803102002
32183,-1.2518599587588795
32184,-1.2518599587588795
32185,-1.3749833522862025
32186,-0.15816524011503783
32187,-0.15036779401290573
32188,-1.2981223128590529
32189,-1.3749833522862025
32190,-1.3749833522862025
32191,-1.3749833522862025
32192,-1.3749833522862025
32193,-1.3901142670463351
32194,-1.3749833522862025
32195,-1.3749833522862025
32196,-1.2518599587588795
32197,-1.4699444688981924
32198,-1.1190214541683776
32199,-1.2518599587588795
32200,-1.2518599587588795
32201,-0.027244400485582895
32202,-1.2518599587588795
32203,-2.168555692700286
32204,-1.9915924904478393
32205,-1.3749833522862025
32206,-1.3749833522862025
32207,-1.2421448476957002
32208,-1.2688996593284518
32209,-0.8507331754954557
32210,-1.191195059566515
32211,-1.3749833522862025
32212,-1.47036512103365
32213,-1.1788020467431977
32214,-1.3749833522862025
32215,-1.685903054868416
32216,-1.3749833522862025
32217,-1.4699444688981924
32218,-1.1190214541683776
32219,-1.2518599587588795
32220,-1.2518599587588795
32221,-1.2518599587588795
32222,-0.027244400485582895
32223,-1.2518599587588795
32224,-0.18185381700846764
32225,-1.2518599587588795
32226,-1.2518599587588795
32227,-1.0273066918425107
32228,-1.2518599587588795
32229,-0.8822603155829485
32230,-1.2518599587588795
32231,-1.2674016119094291
32232,-1.2518599587588795
32233,-1.2518599587588795
32234,-1.1190214541683776
32235,-1.2518599587588795
32236,-1.2518599587588795
32237,-1.7468723489998632
32238,0.506835926580389
32239,-1.2518599587588795
32240,-0.25959511350408354
32241,-1.2518599587588795
32242,-1.2518599587588795
32243,-1.2518599587588795
32244,-1.2518599587588795
32245,-1.2518599587588795
32246,-1.0273066918425107
32247,-1.138790892360795
32248,-0.027244400485582895
32249,-1.3749833522862025
32250,-0.8694190511640338
32251,-1.3749833522862025
32252,-0.15036779401290573
32253,-1.6537504422888956
32254,-1.3749833522862025
32255,-0.6663258458880795
32256,-1.3749833522862025
32257,-1.3749833522862025
32258,-0.5246739791619873
32259,-0.3065894690226743
32260,-0.3065894690226743
32261,-0.3065894690226743
32262,0.024305593556299118
32263,0.9180260892506228
32264,-1.0463220007116323
32265,-0.3065894690226743
32266,-1.3749833522862025
32267,-1.2421448476957002
32268,-1.3749833522862025
32269,-1.3749833522862025
32270,-1.3749833522862025
32271,-1.3749833522862025
32272,-1.3749833522862025
32273,-1.3749833522862025
32274,-1.3749833522862025
32275,-1.2518599587588795
32276,-1.1190214541683776
32277,-1.2518599587588795
32278,-1.292936833550959
32279,-1.292936833550959
32280,-1.292936833550959
32281,-1.292936833550959
32282,-1.2518599587588795
32283,-1.2518599587588795
32284,-1.2518599587588795
32285,-2.032706445372839
32286,-1.2518599587588795
32287,-0.027244400485582895
32288,-1.2358709376070989
32289,-1.2518599587588795
32290,-0.02386617465893788
32291,-1.2518599587588795
32292,-1.2518599587588795
32293,-1.4778547816892376
32294,-1.4413719911147664
32295,0.23232837181029373
32296,-1.2518599587588795
32297,-1.2518599587588795
32298,-1.520146159876755
32299,-1.4413719911147664
32300,-1.2518599587588795
32301,-1.2518599587588795
32302,-0.980886448073083
32303,-1.5855588354328354
32304,-1.393720646600319
32305,-1.6220416260073065
32306,-0.9104447402396041
32307,-1.2518599587588795
32308,-1.2518599587588795
32309,-0.027244400485582895
32310,-1.7468723489998632
32311,-1.2518599587588795
32312,-1.2518599587588795
32313,-1.1190214541683776
32314,-0.027244400485582895
32315,-1.2518599587588795
32316,-3.1525074804509097
32317,-1.2361298479723066
32318,-1.2518599587588795
32319,-1.1190214541683776
32320,-1.2518599587588795
32321,-1.2512105384058385
32322,-1.1190214541683776
32323,-1.2518599587588795
32324,-0.920964896179907
32325,-1.2518599587588795
32326,-0.027244400485582895
32327,-1.2358709376070989
32328,-1.2518599587588795
32329,-1.2518599587588795
32330,-1.2518599587588795
32331,-1.2518599587588795
32332,-1.5949383650195466
32333,-1.2518599587588795
32334,-1.2518599587588795
32335,-1.1190214541683776
32336,-0.8822603155829485
32337,-0.027244400485582895
32338,-1.2518599587588795
32339,-1.2518599587588795
32340,-1.2518599587588795
32341,-1.2518599587588795
32342,-1.2518599587588795
32343,-1.1190214541683776
32344,-0.8804058338818093
32345,-1.2518599587588795
32346,-1.2518599587588795
32347,-0.027244400485582895
32348,-1.2518599587588795
32349,-2.168555692700286
32350,-1.9915924904478393
32351,-1.2518599587588795
32352,-1.2518599587588795
32353,-3.1525074804509097
32354,0.4059947284527809
32355,-1.2518599587588795
32356,-1.2518599587588795
32357,-0.9238598341457124
32358,-1.0608117059391962
32359,-1.097294496513667
32360,-1.0608117059391962
32361,-0.691212062763265
32362,-1.0608117059391962
32363,0.1638038523341007
32364,-1.0608117059391962
32365,-1.0608117059391962
32366,-1.0608117059391962
32367,-1.0608117059391962
32368,-1.250323738295083
32369,-1.0608117059391962
32370,-1.278896216078509
32371,-1.5855588354328354
32372,-1.2883427493333506
32373,-1.2512105384058385
32374,-1.2518599587588795
32375,-1.1190214541683776
32376,-1.2518599587588795
32377,-1.2518599587588795
32378,-1.2518599587588795
32379,-3.1525074804509097
32380,-0.33447689353424875
32381,-1.2518599587588795
32382,-2.4335903457236117
32383,-1.3599234849871882
32384,-1.5590924518075455
32385,-1.2512105384058385
32386,-1.960418404147364
32387,-0.8732406835084927
32388,-1.0220339253077528
32389,-1.060021769926363
32390,-0.33447689353424875
32391,-1.5590924518075455
32392,-1.7468723489998632
32393,-1.9915924904478393
32394,-1.2518599587588795
32395,-3.1365184592991286
32396,-0.027244400485582895
32397,-1.2518599587588795
32398,-1.2518599587588795
32399,-1.2518599587588795
32400,-1.2518599587588795
32401,-1.5855588354328354
32402,-1.292936833550959
32403,-1.1600983289604572
32404,-1.292936833550959
32405,-1.2518599587588795
32406,-1.2518599587588795
32407,-1.2518599587588795
32408,-1.1190214541683776
32409,-0.027244400485582895
32410,-1.2518599587588795
32411,-1.2518599587588795
32412,-1.1923304933772838
32413,-1.2518599587588795
32414,-1.2518599587588795
32415,-1.2518599587588795
32416,-1.2518599587588795
32417,-1.2518599587588795
32418,-1.1190214541683776
32419,-1.2518599587588795
32420,-1.2518599587588795
32421,-1.2518599587588795
32422,-1.5855588354328354
32423,-0.8804058338818093
32424,-1.2518599587588795
32425,-1.2518599587588795
32426,-0.027244400485582895
32427,-1.2518599587588795
32428,-1.2361298479723066
32429,-1.1923304933772838
32430,-1.2518599587588795
32431,-1.2518599587588795
32432,-1.2518599587588795
32433,-1.1190214541683776
32434,-1.1457762658011288
32435,-1.0585048445471055
32436,-1.2518599587588795
32437,-1.0840606871909728
32438,-2.168555692700286
32439,-1.5855588354328354
32440,-1.9915924904478393
32441,-1.2518599587588795
32442,-1.2518599587588795
32443,-3.1525074804509097
32444,-1.2518599587588795
32445,-2.168555692700286
32446,-1.2361298479723066
32447,-1.2518599587588795
32448,-1.2518599587588795
32449,-0.8444029402710422
32450,-1.2518599587588795
32451,-1.2518599587588795
32452,-1.2518599587588795
32453,-1.2518599587588795
32454,-1.2518599587588795
32455,-1.2518599587588795
32456,-0.027244400485582895
32457,-1.2518599587588795
32458,-1.2518599587588795
32459,-1.2518599587588795
32460,-1.2518599587588795
32461,-1.2518599587588795
32462,-1.2518599587588795
32463,-1.2518599587588795
32464,-1.2518599587588795
32465,-1.2518599587588795
32466,-1.2518599587588795
32467,-1.2518599587588795
32468,-1.2518599587588795
32469,-2.3636015079518127
32470,-1.2518599587588795
32471,-1.2518599587588795
32472,0.1257375053406439
32473,-1.2518599587588795
32474,-1.0432832448301066
32475,-1.2518599587588795
32476,-1.0273066918425107
32477,-0.027244400485582895
32478,-1.2518599587588795
32479,-1.1979173769315112
32480,-1.2518599587588795
32481,-1.2518599587588795
32482,-1.2518599587588795
32483,-0.7462956576367108
32484,-1.2518599587588795
32485,-1.1190214541683776
32486,-1.2518599587588795
32487,-1.2518599587588795
32488,-1.2518599587588795
32489,-0.027244400485582895
32490,-1.2518599587588795
32491,-2.167906272347245
32492,-1.2518599587588795
32493,-1.9915924904478393
32494,-1.2518599587588795
32495,-1.2518599587588795
32496,-3.1525074804509097
32497,-0.027244400485582895
32498,-1.2518599587588795
32499,-1.2518599587588795
32500,-1.2518599587588795
32501,-1.2518599587588795
32502,-1.2518599587588795
32503,-0.6923530758093427
32504,-1.2518599587588795
32505,-1.2518599587588795
32506,-0.027244400485582895
32507,-1.5306270487615727
32508,-1.2518599587588795
32509,-1.2518599587588795
32510,-0.11980838260480346
32511,-0.41465299525098276
32512,-1.2766360638993217
32513,0.024305593556299118
32514,-0.2070766012043706
32515,-0.3065894690226743
32516,-1.2518599587588795
32517,-1.1190214541683776
32518,-1.2518599587588795
32519,0.506835926580389
32520,-1.2518599587588795
32521,-0.25959511350408354
32522,-1.2518599587588795
32523,-0.02386617465893788
32524,-1.2518599587588795
32525,-1.2518599587588795
32526,-1.0650788723410092
32527,-1.2518599587588795
32528,-1.2518599587588795
32529,0.4059947284527809
32530,-1.2518599587588795
32531,-1.2518599587588795
32532,-1.2518599587588795
32533,-1.2518599587588795
32534,1.2916064023981713
32535,-1.2518599587588795
32536,-1.0608117059391962
32537,-1.0608117059391962
32538,-1.0608117059391962
32539,-1.0608117059391962
32540,-1.0608117059391962
32541,0.1638038523341007
32542,-1.0608117059391962
32543,-2.961459227631226
32544,-1.0608117059391962
32545,-0.9112080259396145
32546,-1.0608117059391962
32547,-1.0608117059391962
32548,-1.0608117059391962
32549,-0.8762053502737764
32550,-1.0608117059391962
32551,-1.2518599587588795
32552,-1.2518599587588795
32553,-1.2518599587588795
32554,-1.1190214541683776
32555,-0.920964896179907
32556,-1.2518599587588795
32557,-0.027244400485582895
32558,-1.2358709376070989
32559,-1.2518599587588795
32560,-1.2518599587588795
32561,-1.3266521639016717
32562,-1.2518599587588795
32563,-1.2518599587588795
32564,-1.138790892360795
32565,-1.2518599587588795
32566,-0.027244400485582895
32567,-1.5329610867182593
32568,-0.5432024523607563
32569,-0.18185381700846764
32570,-1.2518599587588795
32571,-0.9084088021662744
32572,-1.0608117059391962
32573,-1.0608117059391962
32574,-1.2518599587588795
32575,-1.3905273905027393
32576,-1.2518599587588795
32577,-1.2518599587588795
32578,-1.2518599587588795
32579,-1.2518599587588795
32580,-1.0585048445471055
32581,-2.3636015079518127
32582,-0.3065894690226743
32583,-0.3065894690226743
32584,-0.3065894690226743
32585,-0.3065894690226743
32586,-0.41465299525098276
32587,-0.3065894690226743
32588,-0.0820362021063054
32589,-0.26103930034016537
32590,-0.32213112217322376
32591,-0.11475128019015772
32592,-1.2518599587588795
32593,-1.2518599587588795
32594,1.089221995810658
32595,-0.18185381700846764
32596,-1.2518599587588795
32597,-1.2518599587588795
32598,-0.8633530633399932
32599,-1.2518599587588795
32600,-1.2518599587588795
32601,-1.2518599587588795
32602,-1.5329610867182593
32603,-1.2518599587588795
32604,-1.2518599587588795
32605,-1.2518599587588795
32606,-1.060021769926363
32607,-1.060021769926363
32608,-1.2518599587588795
32609,-1.520146159876755
32610,-1.2518599587588795
32611,-1.5329610867182593
32612,-1.1457762658011288
32613,-1.2518599587588795
32614,-0.25959511350408354
32615,-0.027244400485582895
32616,-1.2518599587588795
32617,-0.5432024523607563
32618,-1.2518599587588795
32619,-0.18185381700846764
32620,-1.2518599587588795
32621,-0.027244400485582895
32622,-1.2518599587588795
32623,-1.2518599587588795
32624,-1.2518599587588795
32625,-1.2518599587588795
32626,-1.2518599587588795
32627,-0.8522056466656889
32628,-1.2518599587588795
32629,-0.9424795512880815
32630,-2.383668498803397
32631,-1.2719269496104637
32632,-0.047311391337167205
32633,-1.1380721764328081
32634,-1.2719269496104637
32635,0.08992160766713357
32636,-1.4105943813543236
32637,-1.2719269496104637
32638,-1.1380721764328081
32639,-1.2719269496104637
32640,-0.9006073629740159
32641,-1.2518599587588795
32642,-1.2512105384058385
32643,-1.2518599587588795
32644,-1.2518599587588795
32645,-1.608700690301437
32646,-0.9084088021662744
32647,-0.8805403721224316
32648,-1.4282533653794152
32649,-1.2719269496104637
32650,-1.5402131507283392
32651,-1.2518599587588795
32652,-1.2518599587588795
32653,-1.2518599587588795
32654,-1.2518599587588795
32655,-1.2518599587588795
32656,-1.060021769926363
32657,-0.027244400485582895
32658,-1.1979173769315112
32659,-1.2518599587588795
32660,-1.2518599587588795
32661,-0.027244400485582895
32662,-1.2518599587588795
32663,-1.2518599587588795
32664,-1.2518599587588795
32665,-1.2518599587588795
32666,-1.0273066918425107
32667,-1.2518599587588795
32668,-0.8822603155829485
32669,-1.2518599587588795
32670,-1.2518599587588795
32671,-1.1457762658011288
32672,-0.7276097819681326
32673,-1.2518599587588795
32674,-0.027244400485582895
32675,-1.0680716660391922
32676,-1.2518599587588795
32677,-1.3472417275063269
32678,-1.2518599587588795
32679,-1.0556786532158746
32680,-1.2518599587588795
32681,-1.4956316239033522
32682,-0.9084088021662744
32683,-0.8805403721224316
32684,-1.2518599587588795
32685,-2.1655078698304213
32686,-1.292936833550959
32687,-1.292936833550959
32688,-1.2383448313705498
32689,-1.292936833550959
32690,-1.292936833550959
32691,-1.292936833550959
32692,-1.292936833550959
32693,-1.292936833550959
32694,-1.292936833550959
32695,-1.292936833550959
32696,-1.292936833550959
32697,-1.3130038244025433
32698,-1.3130038244025433
32699,-1.3130038244025433
32700,-1.3130038244025433
32701,-1.3130038244025433
32702,-0.08838826612924666
32703,-1.3130038244025433
32704,-3.224702288456771
32705,-2.0322413853991135
32706,-1.3130038244025433
32707,-1.3130038244025433
32708,-1.3130038244025433
32709,-1.3130038244025433
32710,-1.3130038244025433
32711,-1.3130038244025433
32712,-2.183686607460418
32713,-1.2518599587588795
32714,-1.2518599587588795
32715,-1.2518599587588795
32716,1.089221995810658
32717,-1.2518599587588795
32718,-1.2518599587588795
32719,-1.2518599587588795
32720,-0.9238598341457124
32721,-0.896231829329037
32722,-1.2518599587588795
32723,-0.8444029402710422
32724,-1.2518599587588795
32725,-1.0220339253077528
32726,-1.2518599587588795
32727,-1.520146159876755
32728,-1.060021769926363
32729,-1.126442993482501
32730,-1.5329610867182593
32731,-1.2063097900763708
32732,-0.21520232774758757
32733,-1.2063097900763708
32734,-1.3599234849871882
32735,-1.520146159876755
32736,-1.2518599587588795
32737,-1.2518599587588795
32738,-1.2518599587588795
32739,-1.2518599587588795
32740,-1.2518599587588795
32741,-0.027244400485582895
32742,-1.2518599587588795
32743,-1.2518599587588795
32744,-1.2518599587588795
32745,-1.2518599587588795
32746,-0.18185381700846764
32747,-1.2518599587588795
32748,-1.0608117059391962
32749,-1.0608117059391962
32750,-0.8444029402710422
32751,-1.2518599587588795
32752,-1.2518599587588795
32753,-1.2518599587588795
32754,1.089221995810658
32755,-1.2518599587588795
32756,-1.2518599587588795
32757,-1.2518599587588795
32758,-1.2518599587588795
32759,-1.2518599587588795
32760,-1.2518599587588795
32761,-1.2518599587588795
32762,-1.2518599587588795
32763,-1.5306270487615727
32764,-1.2518599587588795
32765,-1.2518599587588795
32766,-1.2518599587588795
32767,-0.18185381700846764
32768,-1.2518599587588795
32769,-1.2518599587588795
32770,-1.2518599587588795
32771,-1.2518599587588795
32772,-1.2518599587588795
32773,-1.0494755521713661
32774,-1.2518599587588795
32775,-1.2518599587588795
32776,-1.138790892360795
32777,-1.5329610867182593
32778,-1.2518599587588795
32779,-1.2518599587588795
32780,-0.027244400485582895
32781,-1.2518599587588795
32782,-1.2518599587588795
32783,-1.5561555848696351
32784,1.089221995810658
32785,-1.2518599587588795
32786,-1.2518599587588795
32787,-1.2518599587588795
32788,-1.2518599587588795
32789,-1.2518599587588795
32790,-1.2518599587588795
32791,-1.0672536030934598
32792,-1.2518599587588795
32793,-1.2518599587588795
32794,-1.2518599587588795
32795,-1.2719269496104637
32796,-3.1725744713024944
32797,0.0865433818404888
32798,-1.2719269496104637
32799,-1.1380721764328081
32800,-1.1380721764328081
32801,-1.2719269496104637
32802,-1.2719269496104637
32803,-1.1380721764328081
32804,-1.2719269496104637
32805,-1.2361298479723066
32806,-1.2518599587588795
32807,-1.2518599587588795
32808,-1.2518599587588795
32809,-1.2518599587588795
32810,-1.2518599587588795
32811,-1.2518599587588795
32812,-1.2518599587588795
32813,-1.3905273905027393
32814,-1.2518599587588795
32815,-1.2518599587588795
32816,-1.138790892360795
32817,-1.2518599587588795
32818,-1.2518599587588795
32819,-1.2518599587588795
32820,-0.06832127527766235
32821,-1.292936833550959
32822,-0.7010762547753472
32823,-1.292287413197918
32824,-1.292936833550959
32825,-1.292936833550959
32826,-1.292936833550959
32827,-1.292936833550959
32828,-1.292936833550959
32829,-1.4143115080867612
32830,-1.292936833550959
32831,-1.3130038244025433
32832,-1.3130038244025433
32833,-1.3130038244025433
32834,-1.3130038244025433
32835,-1.2719269496104637
32836,-1.1380721764328081
32837,-1.3130038244025433
32838,-1.3130038244025433
32839,-1.6056258262844196
32840,-1.2719269496104637
32841,-1.2719269496104637
32842,-1.2719269496104637
32843,0.0865433818404888
32844,-2.18862268355187
32845,-1.2561968388238909
32846,-1.1380721764328081
32847,-1.2719269496104637
32848,-1.2719269496104637
32849,-1.1380721764328081
32850,-1.2719269496104637
32851,-1.158857883212379
32852,-1.2719269496104637
32853,-1.2719269496104637
32854,-1.2719269496104637
32855,-0.027244400485582895
32856,-1.0985495509498733
32857,-1.2518599587588795
32858,-1.2518599587588795
32859,-1.2518599587588795
32860,-2.486724901479136
32861,-0.3065894690226743
32862,-0.3065894690226743
32863,-0.3065894690226743
32864,0.10086754946516328
32865,0.10086754946516328
32866,-0.3065894690226743
32867,-0.3065894690226743
32868,-0.3065894690226743
32869,-0.0820362021063054
32870,-0.3065894690226743
32871,0.06301017415325792
32872,-0.3065894690226743
32873,-0.32213112217322376
32874,-1.2518599587588795
32875,-1.2518599587588795
32876,-1.2518599587588795
32877,-1.2518599587588795
32878,-1.2518599587588795
32879,-1.2518599587588795
32880,-1.3905273905027393
32881,-1.2518599587588795
32882,-2.3636015079518127
32883,-0.027244400485582895
32884,-1.2518599587588795
32885,-1.2518599587588795
32886,-1.2518599587588795
32887,-1.2518599587588795
32888,-1.3732346332946817
32889,-1.2518599587588795
32890,-1.2518599587588795
32891,-1.2518599587588795
32892,-1.2518599587588795
32893,-0.8805403721224316
32894,-1.2518599587588795
32895,-1.2518599587588795
32896,-1.0315321956935972
32897,-1.3749833522862025
32898,-1.0036637656497542
32899,-1.3749833522862025
32900,-0.027244400485582895
32901,-1.2518599587588795
32902,-1.2518599587588795
32903,-0.8444029402710422
32904,-1.2518599587588795
32905,-1.2518599587588795
32906,-1.2518599587588795
32907,-1.2518599587588795
32908,-1.2518599587588795
32909,-1.2518599587588795
32910,-1.2518599587588795
32911,-1.3749833522862025
32912,-1.3749833522862025
32913,-1.5136507840300621
32914,-1.2518599587588795
32915,-1.2518599587588795
32916,-1.2518599587588795
32917,-1.2518599587588795
32918,-1.2518599587588795
32919,-1.3905273905027393
32920,-1.2518599587588795
32921,-0.980886448073083
32922,-1.2518599587588795
32923,-0.8444029402710422
32924,-1.2518599587588795
32925,-1.2518599587588795
32926,-1.2518599587588795
32927,-0.6599993799832677
32928,-1.2518599587588795
32929,-1.2518599587588795
32930,-1.2518599587588795
32931,-1.2518599587588795
32932,-1.0494755521713661
32933,-1.3732346332946817
32934,-1.2518599587588795
32935,-0.980886448073083
32936,-1.2518599587588795
32937,-1.2518599587588795
32938,-1.2518599587588795
32939,-1.2518599587588795
32940,-1.2518599587588795
32941,-0.9543896445505985
32942,-1.2518599587588795
32943,-0.6599993799832677
32944,-1.2518599587588795
32945,-1.2518599587588795
32946,-1.060021769926363
32947,-1.2518599587588795
32948,-1.2518599587588795
32949,-1.2518599587588795
32950,-2.3636015079518127
32951,-1.1518675583723645
32952,-0.7962394289425218
32953,-2.0244385946518264
32954,-1.1518675583723645
32955,-1.0979249765449963
32956,-1.1518675583723645
32957,-1.1518675583723645
32958,-1.1518675583723645
32959,-1.1518675583723645
32960,-1.1518675583723645
32961,-1.2905349901162242
32962,-0.7822679151964332
32963,-1.1518675583723645
32964,-1.1674092115229138
32965,-1.1518675583723645
32966,-1.1518675583723645
32967,-1.2719269496104637
32968,-1.2874686027610134
32969,-1.2719269496104637
32970,-1.2719269496104637
32971,-1.1380721764328081
32972,-1.2719269496104637
32973,-1.0608117059391962
32974,-1.0608117059391962
32975,-1.2518599587588795
32976,-1.060021769926363
32977,-0.5432024523607563
32978,-1.3599234849871882
32979,-1.2518599587588795
32980,-0.18185381700846764
32981,-1.1380721764328081
32982,-1.2719269496104637
32983,-1.2719269496104637
32984,-1.2719269496104637
32985,-1.1380721764328081
32986,-1.2719269496104637
32987,-1.1380721764328081
32988,-1.5402131507283392
32989,-1.2719269496104637
32990,-1.2719269496104637
32991,-1.3305766801307455
32992,-1.2719269496104637
32993,-1.1380721764328081
32994,-0.8522056466656889
32995,-1.2518599587588795
32996,-1.2518599587588795
32997,-0.02386617465893788
32998,-1.2518599587588795
32999,-1.2518599587588795
33000,-1.2518599587588795
33001,-1.2518599587588795
33002,-1.2518599587588795
33003,-1.2518599587588795
33004,-1.2518599587588795
33005,-1.2518599587588795
33006,-1.2518599587588795
33007,-1.2518599587588795
33008,-1.2518599587588795
33009,-1.0273066918425107
33010,-1.2518599587588795
33011,-1.2518599587588795
33012,-1.2674016119094291
33013,-1.2518599587588795
33014,-1.2518599587588795
33015,-1.0672536030934598
33016,-1.2518599587588795
33017,-1.2518599587588795
33018,-0.7690973471014995
33019,-1.0501984750608786
33020,-1.0501984750608786
33021,-1.0373835482193745
33022,-0.7690973471014995
33023,-0.7690973471014995
33024,-0.7690973471014995
33025,-0.42564619050889413
33026,-0.7690973471014995
33027,-0.5780490942818158
33028,-0.5780490942818158
33029,0.4059947284527809
33030,-1.2358709376070989
33031,-1.2518599587588795
33032,-1.2518599587588795
33033,-1.2518599587588795
33034,-1.2518599587588795
33035,-1.3266521639016717
33036,-1.2518599587588795
33037,-1.2518599587588795
33038,-1.0494755521713661
33039,-1.138790892360795
33040,-1.2518599587588795
33041,-1.2518599587588795
33042,-1.2518599587588795
33043,-0.8522056466656889
33044,-0.896231829329037
33045,-3.1525074804509097
33046,-1.2518599587588795
33047,-1.2518599587588795
33048,-1.2518599587588795
33049,-1.2518599587588795
33050,-1.2518599587588795
33051,-1.0672536030934598
33052,-1.2518599587588795
33053,-1.2518599587588795
33054,-1.2518599587588795
33055,-1.2518599587588795
33056,-1.3905273905027393
33057,-1.0672536030934598
33058,-1.2518599587588795
33059,-1.2518599587588795
33060,-1.0494755521713661
33061,-1.2518599587588795
33062,-1.2518599587588795
33063,-1.2777494459178855
33064,-1.2777494459178855
33065,-1.2777494459178855
33066,-1.2777494459178855
33067,-1.2777494459178855
33068,-1.2777494459178855
33069,-1.2777494459178855
33070,-1.2777494459178855
33071,-1.2777494459178855
33072,-1.2777494459178855
33073,-1.2777494459178855
33074,-1.2777494459178855
33075,-1.4164168776617454
33076,-1.2518599587588795
33077,-1.2518599587588795
33078,-1.2518599587588795
33079,-1.3305766801307455
33080,-1.2518599587588795
33081,-1.2518599587588795
33082,-1.2518599587588795
33083,-1.2518599587588795
33084,-1.2518599587588795
33085,-1.2719269496104637
33086,-1.2719269496104637
33087,-1.2719269496104637
33088,-1.2719269496104637
33089,0.0865433818404888
33090,-1.2719269496104637
33091,-1.2719269496104637
33092,-1.4423678025435633
33093,1.0691550049590737
33094,-1.2719269496104637
33095,-1.2719269496104637
33096,-1.2719269496104637
33097,-1.1380721764328081
33098,-1.2719269496104637
33099,-1.2719269496104637
33100,-1.2719269496104637
33101,-1.2719269496104637
33102,-1.2719269496104637
33103,-1.2518599587588795
33104,-1.2518599587588795
33105,-1.2518599587588795
33106,-1.2518599587588795
33107,1.089221995810658
33108,-1.2518599587588795
33109,-1.2518599587588795
33110,-1.2518599587588795
33111,-1.2518599587588795
33112,-1.2518599587588795
33113,-1.2518599587588795
33114,-1.2518599587588795
33115,-1.2518599587588795
33116,-1.7737070476244619
33117,-0.9084088021662744
33118,-1.2518599587588795
33119,-0.7898381952533996
33120,-1.0608117059391962
33121,-1.2518599587588795
33122,-1.0494755521713661
33123,-1.2518599587588795
33124,-1.2518599587588795
33125,-0.8522056466656889
33126,-1.2719269496104637
33127,-1.2719269496104637
33128,-1.2719269496104637
33129,-1.2719269496104637
33130,-0.9744566354021826
33131,-1.1380721764328081
33132,-1.2719269496104637
33133,-0.5462115976571961
33134,-1.2719269496104637
33135,-1.2719269496104637
33136,-1.1380721764328081
33137,-1.2719269496104637
33138,-1.2719269496104637
33139,-1.2518599587588795
33140,-1.2518599587588795
33141,-1.2518599587588795
33142,-1.2518599587588795
33143,-1.2518599587588795
33144,-1.2518599587588795
33145,-1.0840606871909728
33146,-1.2518599587588795
33147,-1.2518599587588795
33148,-1.2518599587588795
33149,-1.2518599587588795
33150,-1.2518599587588795
33151,-1.2518599587588795
33152,-1.2518599587588795
33153,-1.2518599587588795
33154,-1.7737070476244619
33155,-1.2518599587588795
33156,-1.2719269496104637
33157,-1.2559379284586831
33158,-1.2719269496104637
33159,-1.2719269496104637
33160,-1.2719269496104637
33161,-1.2719269496104637
33162,-1.2719269496104637
33163,-1.2719269496104637
33164,-1.2719269496104637
33165,-1.2358709376070989
33166,-0.8444029402710422
33167,-1.2518599587588795
33168,-0.9888323803102002
33169,-1.2518599587588795
33170,-1.3266521639016717
33171,-1.2518599587588795
33172,-1.2518599587588795
33173,-1.2518599587588795
33174,-1.2518599587588795
33175,-1.2518599587588795
33176,-1.2518599587588795
33177,-0.896231829329037
33178,-1.2518599587588795
33179,-1.2518599587588795
33180,-1.2518599587588795
33181,-1.2518599587588795
33182,-1.0672536030934598
33183,-1.2518599587588795
33184,-1.2518599587588795
33185,-1.2518599587588795
33186,-1.3905273905027393
33187,-1.2518599587588795
33188,-1.3521397678604816
33189,-1.3521397678604816
33190,-1.3521397678604816
33191,-1.3521397678604816
33192,-1.3521397678604816
33193,-1.3521397678604816
33194,-1.3521397678604816
33195,-1.3521397678604816
33196,-1.6716024501385498
33197,-1.3521397678604816
33198,-1.2518599587588795
33199,-1.2518599587588795
33200,-1.2518599587588795
33201,-1.2719269496104637
33202,-1.2719269496104637
33203,-1.2719269496104637
33204,-1.2719269496104637
33205,0.506835926580389
33206,-1.2719269496104637
33207,-1.5762225757212194
33208,1.0691550049590737
33209,-1.2719269496104637
33210,-1.2719269496104637
33211,-1.2719269496104637
33212,-1.2719269496104637
33213,-1.07857183539869
33214,-1.2518599587588795
33215,-0.027244400485582895
33216,-1.2361298479723066
33217,-1.2518599587588795
33218,-1.2518599587588795
33219,-1.2518599587588795
33220,-1.2518599587588795
33221,-1.2518599587588795
33222,-1.2518599587588795
33223,-1.2518599587588795
33224,-1.2518599587588795
33225,-1.2719269496104637
33226,-1.1380721764328081
33227,-0.9410318870314912
33228,-1.2719269496104637
33229,-1.2719269496104637
33230,-1.2719269496104637
33231,-1.2719269496104637
33232,-0.9023273064345327
33233,-0.8878142906678226
33234,-2.3636015079518127
33235,-1.2518599587588795
33236,-0.027244400485582895
33237,-1.2518599587588795
33238,-0.02386617465893788
33239,-1.2518599587588795
33240,-1.2518599587588795
33241,-1.3905273905027393
33242,-1.2518599587588795
33243,-1.2518599587588795
33244,-1.2518599587588795
33245,-1.1457762658011288
33246,-1.2518599587588795
33247,-1.2518599587588795
33248,-1.2518599587588795
33249,-0.027244400485582895
33250,-0.5432024523607563
33251,-1.2518599587588795
33252,-1.2518599587588795
33253,-1.2518599587588795
33254,-1.2518599587588795
33255,-1.2518599587588795
33256,-1.2518599587588795
33257,-1.2518599587588795
33258,-0.980886448073083
33259,-1.2518599587588795
33260,-1.2518599587588795
33261,-1.2518599587588795
33262,-1.0494755521713661
33263,-1.2518599587588795
33264,-1.2518599587588795
33265,-0.8444029402710422
33266,-1.2518599587588795
33267,-1.3732346332946817
33268,-1.2518599587588795
33269,-1.5561555848696351
33270,1.089221995810658
33271,-1.2518599587588795
33272,-1.2518599587588795
33273,-1.2518599587588795
33274,-1.2518599587588795
33275,-1.2518599587588795
33276,-1.2518599587588795
33277,-2.3636015079518127
33278,-1.5306270487615727
33279,-1.4041707133694867
33280,-1.2518599587588795
33281,-0.5432024523607563
33282,-1.2518599587588795
33283,-1.2518599587588795
33284,-1.2518599587588795
33285,-1.0273066918425107
33286,-1.2518599587588795
33287,-1.2518599587588795
33288,-1.2518599587588795
33289,-1.0273066918425107
33290,-1.2518599587588795
33291,-0.8822603155829485
33292,-1.2518599587588795
33293,-1.2518599587588795
33294,-1.3905273905027393
33295,-1.2518599587588795
33296,-1.2518599587588795
33297,-1.2518599587588795
33298,-1.2518599587588795
33299,-1.2518599587588795
33300,-1.1380721764328081
33301,-0.9023273064345327
33302,-1.2719269496104637
33303,0.0865433818404888
33304,-1.1380721764328081
33305,-1.2719269496104637
33306,-1.2719269496104637
33307,-1.2719269496104637
33308,-1.2719269496104637
33309,-1.2719269496104637
33310,-1.2719269496104637
33311,-1.2518599587588795
33312,-1.2518599587588795
33313,-0.8805403721224316
33314,-1.608700690301437
33315,-0.9084088021662744
33316,-1.2518599587588795
33317,-1.2518599587588795
33318,1.089221995810658
33319,-1.2518599587588795
33320,-1.2518599587588795
33321,-1.2518599587588795
33322,-0.9238598341457124
33323,-1.2518599587588795
33324,-1.2518599587588795
33325,-1.2518599587588795
33326,-1.3732346332946817
33327,-1.520146159876755
33328,-1.520146159876755
33329,-1.2518599587588795
33330,-1.2518599587588795
33331,-1.2518599587588795
33332,-0.980886448073083
33333,-1.2518599587588795
33334,-1.2518599587588795
33335,-0.18185381700846764
33336,-1.2518599587588795
33337,-0.980886448073083
33338,-1.2518599587588795
33339,-1.2518599587588795
33340,-1.2518599587588795
33341,-1.2518599587588795
33342,-1.2512105384058385
33343,-1.2518599587588795
33344,-1.2518599587588795
33345,-1.2518599587588795
33346,-1.2518599587588795
33347,-1.2518599587588795
33348,-1.2719269496104637
33349,-2.1444979858899256
33350,-1.1380721764328081
33351,-1.2719269496104637
33352,-1.9911645106070341
33353,-1.2719269496104637
33354,-1.2719269496104637
33355,-1.1380721764328081
33356,-0.9439268249972966
33357,-1.2719269496104637
33358,-1.1380721764328081
33359,-1.2719269496104637
33360,-1.793774038476046
33361,-1.2719269496104637
33362,-1.1446323486450662
33363,-1.1446323486450662
33364,-1.1446323486450662
33365,-1.1446323486450662
33366,-1.1446323486450662
33367,-1.1446323486450662
33368,-1.1446323486450662
33369,-1.1446323486450662
33370,-1.1446323486450662
33371,-1.1446323486450662
33372,-1.1446323486450662
33373,-0.027244400485582895
33374,-1.2518599587588795
33375,-1.2518599587588795
33376,-1.2518599587588795
33377,-1.3732346332946817
33378,-1.2518599587588795
33379,-1.2518599587588795
33380,-0.8805403721224316
33381,-1.2518599587588795
33382,-1.2518599587588795
33383,-1.2518599587588795
33384,-1.3472417275063269
33385,-1.2518599587588795
33386,-1.2518599587588795
33387,-1.2518599587588795
33388,-1.608700690301437
33389,-0.9084088021662744
33390,-1.2518599587588795
33391,-1.2589747758162366
33392,-1.2518599587588795
33393,-1.2518599587588795
33394,-0.18185381700846764
33395,-1.2518599587588795
33396,-0.980886448073083
33397,-1.2518599587588795
33398,-1.2518599587588795
33399,-1.2518599587588795
33400,-1.2518599587588795
33401,-1.2518599587588795
33402,-1.2518599587588795
33403,-1.2518599587588795
33404,-1.2518599587588795
33405,-0.1977278810771042
33406,-1.2518599587588795
33407,-1.2518599587588795
33408,-1.2518599587588795
33409,-1.2518599587588795
33410,-0.8444029402710422
33411,-1.2518599587588795
33412,-1.2518599587588795
33413,-1.2518599587588795
33414,-1.1979173769315112
33415,-1.2518599587588795
33416,-1.2518599587588795
33417,-1.2518599587588795
33418,-1.2518599587588795
33419,-1.0585048445471055
33420,-2.3636015079518127
33421,-0.18185381700846764
33422,-1.0273066918425107
33423,-1.138790892360795
33424,-1.2518599587588795
33425,-0.1977278810771042
33426,-1.2518599587588795
33427,-0.9238598341457124
33428,-0.8444029402710422
33429,-1.2518599587588795
33430,-1.3732346332946817
33431,-1.2518599587588795
33432,-0.5893055648223072
33433,1.089221995810658
33434,-0.5350938430366595
33435,-1.2719269496104637
33436,-0.9410318870314912
33437,-1.1220831552810278
33438,-1.2719269496104637
33439,-1.1380721764328081
33440,-1.2719269496104637
33441,-1.1380721764328081
33442,-1.2719269496104637
33443,-1.158857883212379
33444,-1.1380721764328081
33445,-2.168555692700286
33446,-1.2518599587588795
33447,-1.2518599587588795
33448,-1.2518599587588795
33449,-1.2518599587588795
33450,-1.2518599587588795
33451,-1.2518599587588795
33452,-1.2518599587588795
33453,-1.8930803459767984
33454,-1.8930803459767984
33455,-1.8930803459767984
33456,-1.8930803459767984
33457,-1.8930803459767984
33458,-1.2518599587588795
33459,-1.0672536030934598
33460,-1.2518599587588795
33461,-1.2518599587588795
33462,-0.9563324739289923
33463,-1.2518599587588795
33464,-1.2518599587588795
33465,-1.5627796613410927
33466,0.6599254728186869
33467,-1.6811564817508506
33468,-1.6811564817508506
33469,-1.6811564817508506
33470,-1.6811564817508506
33471,-1.6811564817508506
33472,-1.6811564817508506
33473,-1.6811564817508506
33474,-1.6811564817508506
33475,-1.4787720751633369
33476,-1.6811564817508506
33477,-1.6811564817508506
33478,-1.2777494459178855
33479,-1.5588505738772653
33480,-1.2777494459178855
33481,-0.9497493213047185
33482,-1.2777494459178855
33483,-1.2777494459178855
33484,-1.5517616738197046
33485,-1.520146159876755
33486,-1.2518599587588795
33487,-1.2518599587588795
33488,-1.608700690301437
33489,-1.3749833522862025
33490,-1.3749833522862025
33491,-1.2518599587588795
33492,-0.9888323803102002
33493,-1.2518599587588795
33494,-1.2518599587588795
33495,-1.2518599587588795
33496,-1.2518599587588795
33497,-1.2518599587588795
33498,-1.1457762658011288
33499,-1.2518599587588795
33500,-0.25959511350408354
33501,-1.2518599587588795
33502,-0.027244400485582895
33503,-1.5306270487615727
33504,-1.266990873519012
33505,-1.2518599587588795
33506,-1.2518599587588795
33507,-1.266990873519012
33508,1.089221995810658
33509,-0.18185381700846764
33510,-1.2518599587588795
33511,-1.2518599587588795
33512,-1.2518599587588795
33513,0.23232837181029373
33514,-1.2518599587588795
33515,-1.2518599587588795
33516,-1.2518599587588795
33517,-1.2518599587588795
33518,-1.2518599587588795
33519,-1.2518599587588795
33520,-1.0608117059391962
33521,-1.0494755521713661
33522,-1.2518599587588795
33523,-1.2518599587588795
33524,-1.2518599587588795
33525,-0.9908730784095479
33526,-1.2518599587588795
33527,-1.2518599587588795
33528,-1.2518599587588795
33529,-1.2518599587588795
33530,-1.2518599587588795
33531,-0.7690973471014995
33532,-0.7690973471014995
33533,-0.7690973471014995
33534,-0.7690973471014995
33535,-0.7690973471014995
33536,-0.42564619050889413
33537,-0.5780490942818158
33538,-0.5780490942818158
33539,-1.2518599587588795
33540,-1.2518599587588795
33541,-1.2518599587588795
33542,-1.0494755521713661
33543,-1.2518599587588795
33544,-0.980886448073083
33545,-0.8522056466656889
33546,-1.2518599587588795
33547,-1.2518599587588795
33548,-1.5329610867182593
33549,-1.2518599587588795
33550,-1.2518599587588795
33551,-1.1380721764328081
33552,-1.2719269496104637
33553,-1.2719269496104637
33554,-0.9410318870314912
33555,-1.1707022649089824
33556,-0.08394009875103241
33557,-1.1220831552810278
33558,-0.9439268249972966
33559,-0.5462115976571961
33560,-1.5429647842600562
33561,-1.1380721764328081
33562,-1.2719269496104637
33563,-1.158857883212379
33564,-1.1380721764328081
33565,-0.027244400485582895
33566,-1.2518599587588795
33567,-2.168555692700286
33568,-0.9238598341457124
33569,-1.2518599587588795
33570,-0.8444029402710422
33571,-1.2518599587588795
33572,-1.2518599587588795
33573,-1.060021769926363
33574,-1.2518599587588795
33575,-1.2518599587588795
33576,-0.8754154142609433
33577,-1.2518599587588795
33578,-1.2518599587588795
33579,-1.2518599587588795
33580,-1.2518599587588795
33581,-1.2518599587588795
33582,-1.4413719911147664
33583,-1.2518599587588795
33584,-1.4699444688981924
33585,-1.2518599587588795
33586,-1.0840606871909728
33587,-1.2518599587588795
33588,-1.2518599587588795
33589,-1.2518599587588795
33590,-1.2518599587588795
33591,-1.2518599587588795
33592,-1.2518599587588795
33593,-1.2518599587588795
33594,-1.7669393398514475
33595,-1.2719269496104637
33596,-1.1380721764328081
33597,-1.2719269496104637
33598,-1.2559379284586831
33599,-1.1380721764328081
33600,-1.2719269496104637
33601,-1.1380721764328081
33602,-1.2719269496104637
33603,-1.393301624146266
33604,-0.9162988201806213
33605,-1.2719269496104637
33606,-0.9006073629740159
33607,-1.1380721764328081
33608,-2.950540945793045
33609,-1.2518599587588795
33610,-1.2674016119094291
33611,-1.2518599587588795
33612,-0.027244400485582895
33613,-1.2518599587588795
33614,-1.2518599587588795
33615,-1.2518599587588795
33616,-1.5329610867182593
33617,-1.4413719911147664
33618,-1.2518599587588795
33619,-1.2518599587588795
33620,-1.4699444688981924
33621,-1.2518599587588795
33622,-0.9084088021662744
33623,-1.2518599587588795
33624,-1.0608117059391962
33625,-1.2518599587588795
33626,-1.2518599587588795
33627,-1.2518599587588795
33628,-1.2518599587588795
33629,-1.2518599587588795
33630,-1.2518599587588795
33631,-0.8822603155829485
33632,-1.2518599587588795
33633,-1.2674016119094291
33634,-0.6599993799832677
33635,-1.2512105384058385
33636,-1.2518599587588795
33637,-1.2719269496104637
33638,-0.9023273064345327
33639,0.0865433818404888
33640,-1.2719269496104637
33641,-1.2719269496104637
33642,-1.2719269496104637
33643,-1.2719269496104637
33644,-1.2719269496104637
33645,-1.2518599587588795
33646,-1.2518599587588795
33647,-1.2518599587588795
33648,-1.2518599587588795
33649,-1.2518599587588795
33650,-1.2518599587588795
33651,-1.138790892360795
33652,-1.2518599587588795
33653,-1.2518599587588795
33654,-1.2518599587588795
33655,-0.027244400485582895
33656,-1.2518599587588795
33657,-1.2518599587588795
33658,-1.2518599587588795
33659,-1.2518599587588795
33660,-0.9238598341457124
33661,-1.2518599587588795
33662,-1.2518599587588795
33663,-1.2518599587588795
33664,-0.8444029402710422
33665,-1.2518599587588795
33666,-1.2518599587588795
33667,-1.7737070476244619
33668,-1.2518599587588795
33669,-1.5329610867182593
33670,-1.2518599587588795
33671,-1.2518599587588795
33672,-1.0672536030934598
33673,-1.2518599587588795
33674,-1.2518599587588795
33675,-1.2518599587588795
33676,-0.9084088021662744
33677,-1.2518599587588795
33678,0.4059947284527809
33679,-1.2518599587588795
33680,-1.2518599587588795
33681,-1.2518599587588795
33682,-1.2518599587588795
33683,-1.2518599587588795
33684,-1.2518599587588795
33685,-1.2518599587588795
33686,-1.2518599587588795
33687,-1.2518599587588795
33688,-1.2518599587588795
33689,-0.027244400485582895
33690,-1.2518599587588795
33691,-1.2518599587588795
33692,-1.2512105384058385
33693,-1.2518599587588795
33694,-1.2518599587588795
33695,-1.2518599587588795
33696,-1.2518599587588795
33697,-1.0633502356816908
33698,-2.01064321271227
33699,-1.2719269496104637
33700,-1.2719269496104637
33701,-3.1725744713024944
33702,-1.2719269496104637
33703,-2.1444979858899256
33704,-1.2719269496104637
33705,-0.9439268249972966
33706,-1.2719269496104637
33707,-1.2719269496104637
33708,-1.2719269496104637
33709,-1.1446323486450662
33710,-1.1446323486450662
33711,-1.1446323486450662
33712,-0.9768330770771596
33713,-1.1446323486450662
33714,-1.1446323486450662
33715,-0.07462620689465431
33716,-1.1446323486450662
33717,-0.896231829329037
33718,-1.2518599587588795
33719,-1.2518599587588795
33720,-1.2518599587588795
33721,-1.2518599587588795
33722,-1.2518599587588795
33723,-0.8822603155829485
33724,-0.9543896445505985
33725,-0.1977278810771042
33726,-1.2518599587588795
33727,-1.2518599587588795
33728,-0.6599993799832677
33729,-1.2518599587588795
33730,-1.2518599587588795
33731,-1.2518599587588795
33732,-1.2518599587588795
33733,-1.2518599587588795
33734,-1.2518599587588795
33735,-1.3905273905027393
33736,-1.2518599587588795
33737,-1.2518599587588795
33738,-1.2518599587588795
33739,-1.2518599587588795
33740,-1.2518599587588795
33741,-1.2518599587588795
33742,-1.2518599587588795
33743,-1.2518599587588795
33744,-1.2518599587588795
33745,-0.920964896179907
33746,-1.2518599587588795
33747,-0.027244400485582895
33748,-1.2518599587588795
33749,-1.5561555848696351
33750,1.089221995810658
33751,-1.3266521639016717
33752,-1.2518599587588795
33753,-1.2518599587588795
33754,-1.138790892360795
33755,-1.2518599587588795
33756,-1.2518599587588795
33757,-2.1244309950383418
33758,-1.2518599587588795
33759,-1.2518599587588795
33760,-1.2518599587588795
33761,-1.2518599587588795
33762,-1.2518599587588795
33763,-0.027244400485582895
33764,-1.2518599587588795
33765,-1.2518599587588795
33766,-1.5561555848696351
33767,1.089221995810658
33768,-1.2518599587588795
33769,-1.2518599587588795
33770,-1.2518599587588795
33771,-1.2518599587588795
33772,-1.2518599587588795
33773,-1.2518599587588795
33774,-1.2518599587588795
33775,-1.2518599587588795
33776,-1.3749833522862025
33777,-1.3749833522862025
33778,-1.2518599587588795
33779,-0.9888323803102002
33780,-1.2518599587588795
33781,-1.2518599587588795
33782,-1.2518599587588795
33783,-1.2518599587588795
33784,-1.2518599587588795
33785,-1.2518599587588795
33786,-1.2518599587588795
33787,-0.5432024523607563
33788,-1.2518599587588795
33789,-0.18185381700846764
33790,-1.2518599587588795
33791,-1.2518599587588795
33792,-1.2518599587588795
33793,-1.2719269496104637
33794,-1.2719269496104637
33795,-1.2874686027610134
33796,-1.2719269496104637
33797,0.0865433818404888
33798,-1.9911645106070341
33799,-1.793774038476046
33800,-1.5329610867182593
33801,-1.2719269496104637
33802,-0.9284757930178587
